data,abertura,alta,baixa,fechamento,volume,ticker
2026-03-31,48.55666971853548,49.022161617466466,46.209814265666665,47.19898223876953,78931700,PETR4
2026-04-01,46.25830214381279,46.617118120967056,45.35641043684066,45.93827438354492,66488400,PETR4
2026-04-02,47.80994200084229,47.96510596723777,46.50074626559295,46.6947021484375,38536900,PETR4
2026-04-06,46.539539071906276,47.51901093486821,46.43286314933203,47.46082305908203,27848100,PETR4
2026-04-07,47.606291131300594,48.06208691201583,46.937147203795966,47.043819427490234,33362800,PETR4
2026-04-08,43.348976639767336,45.23034025755306,43.18411283905469,45.20124816894531,87580500,PETR4
2026-04-09,46.103139208137534,47.08261107016735,45.608551512927775,46.4522590637207,58206500,PETR4
2026-04-10,46.09343972300512,47.54810333251953,46.09343972300512,47.54810333251953,42860900,PETR4
2026-04-13,48.246340499824974,48.72153221489623,47.76145265560563,48.27543258666992,60941100,PETR4
2026-04-14,48.11057283711393,48.14936475278321,46.22920562056164,46.432861328125,58646800,PETR4
2026-04-15,46.50074571227342,46.64620984812535,45.317618170460605,45.472782135009766,61852100,PETR4
2026-04-16,45.86069793934194,47.20868569384431,45.34671425569494,47.11170959472656,54484300,PETR4
2026-04-17,45.09457221910063,45.143060266552816,43.513836716233236,44.823036193847656,105186900,PETR4
2026-04-20,45.81220590371823,46.04495000111046,45.10426638403164,45.598854064941406,41904500,PETR4
2026-04-22,46.20011399786107,46.529837885562536,45.821902064785995,46.22920608520508,51063000,PETR4
2026-04-23,46.57646998577134,47.28455940328853,46.12408119195152,46.97968673706055,38666800,PETR4
2026-04-24,46.714154969731155,46.73382453780353,45.681527031243874,46.37977981567383,34880200,PETR4
2026-04-27,46.43878758075769,47.373067659989125,46.38961178577799,46.5863037109375,31543600,PETR4
2026-04-28,46.86167600340548,47.24522321125404,46.67481697792989,46.73382568359375,29389700,PETR4
2026-04-29,47.30422882418338,48.48437669279139,47.20588473162716,48.150001525878906,47685000,PETR4
2026-04-30,48.00248327506252,48.563052831460084,47.491085762779626,48.26801681518555,36666100,PETR4
2026-05-04,48.464707266241426,49.025276848948245,48.11066252946099,48.52371597290039,41319600,PETR4
2026-05-05,48.071326714192566,48.218842852143254,47.53042670520012,47.85496520996094,28066500,PETR4
2026-05-06,45.93722416118741,46.70432231380818,45.81921050370212,46.48796081542969,62009100,PETR4
2026-05-07,45.63235607500291,45.878220054390674,44.452208223624346,45.4553337097168,71214500,PETR4
2026-05-08,45.62251815248795,45.77987094487844,44.9144287109375,44.9144287109375,32914200,PETR4
2026-05-11,45.44549610709893,45.740532125927786,44.894763205708145,45.66185760498047,50622200,PETR4
2026-05-12,45.48483639057489,45.48483639057489,44.64890035754492,44.92426681518555,81072700,PETR4
2026-05-13,45.012778014566514,45.07178672047662,43.62610531416526,43.8326301574707,57251900,PETR4
2026-05-14,43.724448959238366,44.619393689342544,43.64577443708161,44.255516052246094,47760000,PETR4
2026-05-15,44.639060835750215,44.786580715221525,44.23584408365985,44.71773910522461,59380500,PETR4
2026-05-18,44.353860802425636,45.69136146325959,43.73428626962283,45.67169189453125,57388200,PETR4
2026-05-19,45.2291400381315,45.534008976539916,44.83575616404666,45.327484130859375,40943000,PETR4
2026-05-20,45.01277841632718,45.642189611972974,43.80312807127291,43.86213302612305,52780200,PETR4
2026-05-21,44.353860742375055,44.894764502705456,43.763788687670335,44.20634460449219,57725900,PETR4
2026-05-22,43.999818370272784,44.00965127851964,43.144209040922405,43.744117736816406,39634300,PETR4
2026-05-25,42.77049894393315,43.095037441642695,42.25910142332469,42.68198776245117,26720900,PETR4
2026-05-26,42.642646588169555,43.07536581496661,42.445954666321306,42.72132110595703,36040500,PETR4
2026-05-27,41.55101035135304,42.4754575151079,41.45266626535718,42.11157989501953,53745400,PETR4
2026-05-28,42.3869484293754,42.46562670332492,41.55101240238803,41.80670928955078,37534800,PETR4
2026-05-29,41.501841014773944,41.649357153387555,41.12812671076348,41.30514907836914,73281800,PETR4
2026-06-01,41.698531649213336,42.3082732566021,41.26580865231648,41.66902542114258,73925300,PETR4
2026-06-02,41.900001525878906,41.97999954223633,41.439998626708984,41.56999969482422,27318300,PETR4
2026-06-03,41.650001525878906,41.869998931884766,41.25,41.25,42895100,PETR4
2026-06-05,41.029998779296875,41.43000030517578,40.650001525878906,40.88999938964844,34730900,PETR4
2026-06-08,41.20000076293945,41.31999969482422,40.83000183105469,41.220001220703125,34043600,PETR4
2026-06-09,40.880001068115234,41.369998931884766,40.70000076293945,41.16999816894531,56680400,PETR4
2026-06-10,41.209999084472656,42.040000915527344,41.0099983215332,41.650001525878906,44953200,PETR4
2026-06-11,41.650001525878906,42.150001525878906,41.15999984741211,41.7599983215332,52321500,PETR4
2026-06-12,41.060001373291016,41.529998779296875,40.81999969482422,41.18000030517578,34082200,PETR4
2026-06-15,39.84000015258789,39.91999816894531,39.060001373291016,39.060001373291016,54174000,PETR4
2026-06-16,38.45000076293945,38.779998779296875,38.20000076293945,38.540000915527344,36250100,PETR4
2026-06-17,38.709999084472656,38.86000061035156,38.27000045776367,38.56999969482422,66882000,PETR4
2026-06-18,38.29999923706055,39.09000015258789,37.40999984741211,38.849998474121094,53332600,PETR4
2026-06-19,38.86000061035156,39.11000061035156,38.619998931884766,38.79999923706055,44775800,PETR4
2026-06-22,38.75,39.209999084472656,38.47999954223633,39.16999816894531,35488200,PETR4
2026-06-23,38.959999084472656,39.56999969482422,38.84000015258789,39.33000183105469,27398600,PETR4
2026-06-24,38.900001525878906,38.97999954223633,38.130001068115234,38.290000915527344,59191400,PETR4
2026-06-25,38.119998931884766,38.66999816894531,37.91999816894531,38.45000076293945,25152300,PETR4
2026-06-26,38.06999969482422,38.25,37.93000030517578,38.060001373291016,23287800,PETR4
2026-03-31,80.73999786376953,82.73999786376953,80.58999633789062,82.4800033569336,24956400,VALE3
2026-04-01,83.30999755859375,84.04000091552734,82.58000183105469,83.0,28514000,VALE3
2026-04-02,81.51000213623047,83.7699966430664,81.36000061035156,83.55000305175781,14019800,VALE3
2026-04-06,84.04000091552734,84.22000122070312,82.80000305175781,83.08999633789062,8680700,VALE3
2026-04-07,83.05000305175781,83.69999694824219,82.5999984741211,83.69000244140625,15312500,VALE3
2026-04-08,86.5,86.72000122070312,84.7300033569336,85.58999633789062,24942400,VALE3
2026-04-09,85.36000061035156,85.54000091552734,84.26000213623047,84.69000244140625,17973100,VALE3
2026-04-10,85.0,86.38999938964844,84.58000183105469,85.58999633789062,24002400,VALE3
2026-04-13,85.11000061035156,87.36000061035156,84.91999816894531,87.36000061035156,24661900,VALE3
2026-04-14,87.5,88.54000091552734,87.18000030517578,88.30000305175781,18528400,VALE3
2026-04-15,88.1500015258789,89.08000183105469,87.88999938964844,88.44000244140625,24527300,VALE3
2026-04-16,88.88999938964844,89.38999938964844,87.0999984741211,87.44000244140625,13618900,VALE3
2026-04-17,88.19999694824219,89.75,87.80000305175781,89.75,30119000,VALE3
2026-04-20,88.80000305175781,89.44000244140625,88.02999877929688,88.7300033569336,16067700,VALE3
2026-04-22,87.94999694824219,88.7300033569336,87.22000122070312,87.22000122070312,13222100,VALE3
2026-04-23,86.63999938964844,87.16999816894531,85.70999908447266,85.97000122070312,12637500,VALE3
2026-04-24,85.97000122070312,86.98999786376953,85.75,85.87000274658203,11436400,VALE3
2026-04-27,86.1500015258789,86.30000305175781,84.88999938964844,85.5,8656600,VALE3
2026-04-28,84.69999694824219,85.30000305175781,84.05000305175781,84.38999938964844,13687500,VALE3
2026-04-29,82.80000305175781,82.91000366210938,79.25,79.44000244140625,43296200,VALE3
2026-04-30,81.02999877929688,81.69999694824219,80.20999908447266,81.18000030517578,17593900,VALE3
2026-05-04,81.18000030517578,81.36000061035156,78.6500015258789,78.66000366210938,18555600,VALE3
2026-05-05,79.41999816894531,79.41999816894531,77.97000122070312,78.38999938964844,16295600,VALE3
2026-05-06,80.3499984741211,81.63999938964844,80.0999984741211,81.2300033569336,17424200,VALE3
2026-05-07,81.29000091552734,81.66999816894531,79.5999984741211,80.06999969482422,18912100,VALE3
2026-05-08,80.56999969482422,81.79000091552734,80.36000061035156,80.80000305175781,16782600,VALE3
2026-05-11,81.38999938964844,83.93000030517578,81.19000244140625,83.44999694824219,24868900,VALE3
2026-05-12,83.1500015258789,83.98999786376953,81.73999786376953,83.25,16503000,VALE3
2026-05-13,83.48999786376953,85.05000305175781,83.01000213623047,84.30000305175781,31641800,VALE3
2026-05-14,85.0,85.41000366210938,82.62999725341797,82.87000274658203,31954300,VALE3
2026-05-15,80.6500015258789,83.5,80.23999786376953,83.5,36318900,VALE3
2026-05-18,83.0,83.5999984741211,81.05999755859375,81.83000183105469,22668800,VALE3
2026-05-19,80.80000305175781,81.27999877929688,80.16999816894531,81.0199966430664,20334400,VALE3
2026-05-20,81.44999694824219,82.20999908447266,80.8499984741211,82.0,15669300,VALE3
2026-05-21,81.36000061035156,82.87999725341797,81.22000122070312,82.62999725341797,15156600,VALE3
2026-05-22,82.33000183105469,83.13999938964844,81.8499984741211,83.0999984741211,11443900,VALE3
2026-05-25,82.83999633789062,83.58999633789062,82.44999694824219,83.58999633789062,7059500,VALE3
2026-05-26,83.2300033569336,84.12000274658203,82.30000305175781,83.06999969482422,10409000,VALE3
2026-05-27,83.68000030517578,83.94000244140625,82.51000213623047,83.44999694824219,10613200,VALE3
2026-05-28,83.1500015258789,84.05000305175781,82.23999786376953,83.95999908447266,12798900,VALE3
2026-05-29,84.01000213623047,84.27999877929688,82.37999725341797,82.81999969482422,20839400,VALE3
2026-06-01,82.12999725341797,82.25,80.58000183105469,81.69999694824219,16605900,VALE3
2026-06-02,82.22000122070312,85.08000183105469,82.04000091552734,85.0,18457400,VALE3
2026-06-03,83.61000061035156,83.79000091552734,81.79000091552734,81.79000091552734,19308800,VALE3
2026-06-05,80.79000091552734,80.79000091552734,78.33000183105469,78.69999694824219,23008500,VALE3
2026-06-08,78.91999816894531,79.27999877929688,77.31999969482422,78.06999969482422,15671500,VALE3
2026-06-09,78.79000091552734,78.79000091552734,76.83000183105469,78.5,17523500,VALE3
2026-06-10,77.91999816894531,78.1500015258789,77.19999694824219,77.69999694824219,12469100,VALE3
2026-06-11,78.12000274658203,79.05000305175781,77.0999984741211,78.80000305175781,17725500,VALE3
2026-06-12,78.66000366210938,79.80000305175781,78.12999725341797,79.16999816894531,12112600,VALE3
2026-06-15,80.77999877929688,82.73999786376953,80.6500015258789,81.16000366210938,22329400,VALE3
2026-06-16,80.73999786376953,82.19000244140625,80.5999984741211,81.44000244140625,19713900,VALE3
2026-06-17,80.3499984741211,81.33999633789062,79.26000213623047,79.77999877929688,20268200,VALE3
2026-06-18,79.5,80.37999725341797,78.87999725341797,79.94000244140625,19651900,VALE3
2026-06-19,79.68000030517578,81.06999969482422,79.5,80.75,26305900,VALE3
2026-06-22,80.55000305175781,81.58000183105469,80.11000061035156,80.91000366210938,18089300,VALE3
2026-06-23,79.47000122070312,79.9800033569336,78.81999969482422,79.37999725341797,18415100,VALE3
2026-06-24,78.55999755859375,78.86000061035156,77.16000366210938,77.7300033569336,22558900,VALE3
2026-06-25,78.19999694824219,79.22000122070312,77.41999816894531,78.66000366210938,13882800,VALE3
2026-06-26,78.18000030517578,78.87999725341797,77.91000366210938,78.1500015258789,25239500,VALE3
2026-03-31,41.8578556346375,43.19405899272242,41.71928684499508,43.03569412231445,33419700,ITUB4
2026-04-01,43.4101650316482,43.84584963321424,43.07349845584403,43.400264739990234,26681100,ITUB4
2026-04-02,42.20212838041173,43.57849943064073,42.05360133154501,42.87546157836914,17811800,ITUB4
2026-04-06,42.92497190944046,43.31115131383248,42.77644485602439,43.063602447509766,11004600,ITUB4
2026-04-07,42.87546246343265,43.0437976550448,42.22193361395939,43.03389358520508,20302000,ITUB4
2026-04-08,45.25193193960888,45.28163659379599,44.26173650888351,44.53899002075195,35777600,ITUB4
2026-04-09,44.75683068950111,45.50937749540861,44.54889057202219,45.30143737792969,22162900,ITUB4
2026-04-10,45.38065661288868,45.92526332284266,45.321243529562636,45.61830139160156,29705900,ITUB4
2026-04-13,45.311343851496424,45.588601156591416,44.79644552195435,45.38066101074219,31011600,ITUB4
2026-04-14,45.54898537084466,46.38074960262147,45.40045455980417,46.073787689208984,23343300,ITUB4
2026-04-15,45.91535968912311,46.94516381276781,45.91535968912311,46.578792572021484,28907200,ITUB4
2026-04-16,46.80654006811126,47.00457991650396,46.06389346961058,46.51938247680664,22566300,ITUB4
2026-04-17,47.0342821061596,47.430361782182395,46.29163554658866,46.34114456176758,39165500,ITUB4
2026-04-20,46.34114766999711,46.568892176932174,45.776736549050234,45.91536331176758,19194500,ITUB4
2026-04-22,45.8064370371671,45.8064370371671,44.53898814787,44.588497161865234,25440000,ITUB4
2026-04-23,44.45977570985346,44.67761613291297,43.68742071645562,43.74683380126953,20444200,ITUB4
2026-04-24,44.02408859689267,44.083501683444474,43.459677495186035,43.93497085571289,18234600,ITUB4
2026-04-27,44.06369859123296,44.12311167949713,43.548796491498095,43.55870056152344,13718400,ITUB4
2026-04-28,43.251737522298626,44.17261959221826,42.77644415996848,43.66761779785156,27131800,ITUB4
2026-04-29,43.42006757007421,43.57849868586856,42.34075441332031,42.449676513671875,18628100,ITUB4
2026-04-30,42.89526316851619,43.13291171956059,42.707127407857065,42.766536712646484,22735500,ITUB4
2026-05-04,42.705302299480984,42.84398743453161,41.853375008299665,42.00196838378906,25336300,ITUB4
2026-05-05,42.10103058819471,42.29915384085768,41.72459678602374,42.061405181884766,29386700,ITUB4
2026-05-06,42.83408391116468,42.88361377778382,41.150041993907884,41.387786865234375,38718400,ITUB4
2026-05-07,41.39769793431206,41.47694497053977,40.139619586019805,40.40708541870117,36335300,ITUB4
2026-05-08,40.773609483627475,41.15994774580748,40.59529893510028,40.8726692199707,35920000,ITUB4
2026-05-11,40.565579399829836,40.724077236050405,39.73346481495022,39.95140075683594,41215600,ITUB4
2026-05-12,39.91177527605099,39.951400679751295,39.396656364606415,39.4957160949707,43381700,ITUB4
2026-05-13,39.55515569851916,40.18914706618814,39.00041136236549,39.257972717285156,48564700,ITUB4
2026-05-14,39.77309121226898,40.26839743519195,39.6145933720891,40.02074432373047,34925200,ITUB4
2026-05-15,39.406559495320366,39.674025292935355,39.20844004128233,39.32731246948242,46869600,ITUB4
2026-05-18,39.29759581740177,39.47590636860679,38.93107025276335,39.24806594848633,22993100,ITUB4
2026-05-19,38.68341659828245,39.04994215788948,38.336703741746966,38.415950775146484,41150400,ITUB4
2026-05-20,38.85181960541292,39.60468336802387,38.73294339640612,39.29759216308594,38261500,ITUB4
2026-05-21,39.059848832582766,40.07027397539425,38.88153829097565,39.743370056152344,40949800,ITUB4
2026-05-22,39.63440590600509,39.66412685173072,38.94098015385593,39.059852600097656,21539700,ITUB4
2026-05-25,39.485813164474855,40.109900070849804,39.485813164474855,39.94149398803711,11436200,ITUB4
2026-05-26,39.84243491745407,39.981120059205885,39.27778610952931,39.683937072753906,23046600,ITUB4
2026-05-27,40.218864266920804,40.43680021683607,39.91177682355289,39.94149398803711,21601400,ITUB4
2026-05-28,39.94149597454452,40.07027665852547,39.34712998197938,39.6245002746582,20196600,ITUB4
2026-05-29,39.495717453082314,39.78299597145828,39.16881730853009,39.66412353515625,80334400,ITUB4
2026-06-01,39.6920524377772,39.701965179932316,38.89920319252165,39.00822067260742,32832400,ITUB4
2026-06-02,39.275806412394125,39.63258950347225,39.11723656975977,39.2064323425293,23121000,ITUB4
2026-06-03,38.879379703360726,38.94875377284701,38.29465270297398,38.373939514160156,40844400,ITUB4
2026-06-05,38.403669123607976,38.81991352909693,38.22527758394038,38.48295593261719,34727700,ITUB4
2026-06-08,38.37394109979076,38.73072420366456,38.08653206826983,38.17572784423828,23153100,ITUB4
2026-06-09,38.572150728843816,38.98839894522738,38.42349362203809,38.86947250366211,28212000,ITUB4
2026-06-10,38.68116823235008,39.23616459433068,38.304567203730834,39.00822067260742,41470600,ITUB4
2026-06-11,38.88929392692035,40.25695744656705,38.86947222336851,40.138031005859375,57558800,ITUB4
2026-06-12,39.86053202587704,40.75248594186314,39.75151455400468,40.23713302612305,30651000,ITUB4
2026-06-15,40.9110574196467,41.11918341093287,39.959638358864986,40.03892517089844,25132500,ITUB4
2026-06-16,39.919995500796844,40.26686963729952,39.77133839709855,40.088478088378906,20052700,ITUB4
2026-06-17,40.58400939528817,41.25793218551748,40.26686970348653,40.43534851074219,28205700,ITUB4
2026-06-18,40.55427379939048,41.01016540144847,40.09838597793572,40.12812042236328,20051100,ITUB4
2026-06-19,40.36000061035156,40.369998931884766,39.7599983215332,39.869998931884766,48413400,ITUB4
2026-06-22,40.15999984741211,41.02000045776367,40.099998474121094,40.939998626708984,25404800,ITUB4
2026-06-23,40.52000045776367,41.380001068115234,40.38999938964844,41.04999923706055,21074900,ITUB4
2026-06-24,40.810001373291016,41.47999954223633,40.810001373291016,40.970001220703125,22041600,ITUB4
2026-06-25,41.29999923706055,42.11000061035156,41.220001220703125,41.70000076293945,20778400,ITUB4
2026-06-26,41.5099983215332,42.540000915527344,41.400001525878906,42.2400016784668,23041700,ITUB4
2026-03-31,18.45414857012659,18.886054716719812,18.28727586841515,18.81734275817871,41297600,BBDC4
2026-04-01,18.846792849673495,19.268880891731417,18.827160325225986,19.072561264038086,48850400,BBDC4
2026-04-02,18.51149315194325,19.042076371741324,18.482015577585816,18.786611557006836,29291200,BBDC4
2026-04-06,18.845564411782437,19.04207594751492,18.80626098018148,18.992948532104492,27976500,BBDC4
2026-04-07,18.89050160959844,19.1699161529541,18.730835612432685,19.1699161529541,24923500,BBDC4
2026-04-08,20.507118760190767,20.507118760190767,19.78862182713062,20.127912521362305,67537800,BBDC4
2026-04-09,20.157851140993518,20.327496492600535,19.948288340364268,20.247663497924805,32822000,BBDC4
2026-04-10,20.437263946216163,20.59692992209531,20.297556693164054,20.397348403930664,33816800,BBDC4
2026-04-13,20.187785816395376,20.666783748669356,20.078016646521288,20.547035217285156,34692500,BBDC4
2026-04-14,20.66678539404347,20.926243103857264,20.63684921049836,20.73664093017578,32893100,BBDC4
2026-04-15,20.616890254958623,20.936222231654526,20.566995347363157,20.7565975189209,37389800,BBDC4
2026-04-16,20.936221657366232,21.14578445092998,20.786535035317076,20.806493759155273,35466500,BBDC4
2026-04-17,21.255552749694687,21.5449485233211,21.085907410795755,21.21563720703125,49218700,BBDC4
2026-04-20,21.145784299475054,21.22561729088738,20.91626278371703,20.98611831665039,20455500,BBDC4
2026-04-22,20.74662072922191,20.846410547631287,20.30753829541929,20.367412567138672,35201800,BBDC4
2026-04-23,20.357432524730264,20.5071191507139,19.888413922416536,19.928329467773438,19189100,BBDC4
2026-04-24,19.998185581157625,20.097975399118997,19.78862277602744,19.878435134887695,21380800,BBDC4
2026-04-27,19.88841284810686,19.99818392280411,19.668870698712368,19.68882942199707,17874000,BBDC4
2026-04-28,19.38945799862952,19.608998265176915,19.309625001396938,19.529165267944336,26064600,BBDC4
2026-04-29,19.459311194648965,19.469290556999187,18.970333859700496,19.070125579833984,33825900,BBDC4
2026-04-30,19.19985298077899,19.439351960805304,19.169914894512434,19.279685974121094,24009300,BBDC4
2026-05-04,19.269705563895233,19.33955919134894,18.760769545258604,18.870540618896484,27527900,BBDC4
2026-05-05,18.95941997513724,19.18917013427945,18.86951740759802,19.169193267822266,23567700,BBDC4
2026-05-06,19.448889371834127,19.618705129083615,19.10925785733515,19.249107360839844,31056000,BBDC4
2026-05-07,18.879507032783124,18.879507032783124,18.400027936683113,18.499919891357422,53319900,BBDC4
2026-05-08,18.59981144958403,18.80958283517638,18.479940725473742,18.569843292236328,37000000,BBDC4
2026-05-11,18.439982717483105,18.519897801729034,18.020439956874817,18.070384979248047,33701700,BBDC4
2026-05-12,18.04041700597363,18.18026649954462,17.91055880331539,17.94052505493164,29020600,BBDC4
2026-05-13,17.90057090838691,18.240202427044842,17.62087380323313,17.630863189697266,54103500,BBDC4
2026-05-14,17.780700184227733,18.040418516571997,17.760723316570985,17.82065773010254,28467200,BBDC4
2026-05-15,17.51099386785765,17.720765261834707,17.45105755076655,17.670820236206055,34994000,BBDC4
2026-05-18,17.670820132857585,17.790688955777533,17.471036220950225,17.640851974487305,17534300,BBDC4
2026-05-19,17.461045906112993,17.64085103621007,17.241285138927946,17.371143341064453,37267200,BBDC4
2026-05-20,17.491014417982754,18.000461661840177,17.491014417982754,17.840635299682617,40845900,BBDC4
2026-05-21,17.690795924594365,18.07038495309118,17.620872131260864,17.880590438842773,20334500,BBDC4
2026-05-22,17.780700074815396,17.91056019282877,17.580918062512684,17.60089683532715,20095600,BBDC4
2026-05-25,17.7407440587249,18.05040740966797,17.72076528633358,18.05040740966797,13186100,BBDC4
2026-05-26,17.860613370696687,18.01045226244655,17.67082074363333,17.82065773010254,26326900,BBDC4
2026-05-27,18.0803759676718,18.18026792655453,17.900570822739002,17.980484008789062,23973800,BBDC4
2026-05-28,18.07038495309118,18.19025376872562,17.80067725999299,17.880590438842773,31080500,BBDC4
2026-05-29,17.920548565364246,17.93053795120632,17.680809020996094,17.680809020996094,59372500,BBDC4
2026-06-01,17.77071217900874,17.7906890460764,17.451057537278395,17.48102569580078,27399600,BBDC4
2026-06-02,17.600000381469727,17.899999618530273,17.56999969482422,17.75,21483700,BBDC4
2026-06-03,17.510000228881836,17.6200008392334,17.309999465942383,17.3700008392334,30635400,BBDC4
2026-06-05,17.40999984741211,17.56999969482422,17.31999969482422,17.469999313354492,24164700,BBDC4
2026-06-08,17.399999618530273,17.510000228881836,17.18000030517578,17.200000762939453,18139400,BBDC4
2026-06-09,17.329999923706055,17.6200008392334,17.25,17.43000030517578,26754000,BBDC4
2026-06-10,17.350000381469727,17.40999984741211,17.15999984741211,17.260000228881836,19825200,BBDC4
2026-06-11,17.219999313354492,17.75,17.170000076293945,17.68000030517578,31243100,BBDC4
2026-06-12,17.510000228881836,17.989999771118164,17.479999542236328,17.799999237060547,22078400,BBDC4
2026-06-15,18.06999969482422,18.270000457763672,17.540000915527344,17.649999618530273,18201800,BBDC4
2026-06-16,17.540000915527344,17.690000534057617,17.469999313354492,17.65999984741211,19627200,BBDC4
2026-06-17,17.75,17.979999542236328,17.5,17.549999237060547,30207900,BBDC4
2026-06-18,17.6200008392334,17.81999969482422,17.389999389648438,17.469999313354492,25189700,BBDC4
2026-06-19,17.520000457763672,17.59000015258789,17.399999618530273,17.469999313354492,20299600,BBDC4
2026-06-22,17.510000228881836,17.81999969482422,17.510000228881836,17.68000030517578,21753800,BBDC4
2026-06-23,17.489999771118164,17.93000030517578,17.469999313354492,17.84000015258789,21980600,BBDC4
2026-06-24,17.760000228881836,18.0,17.610000610351562,17.649999618530273,76122900,BBDC4
2026-06-25,17.790000915527344,18.06999969482422,17.540000915527344,17.6200008392334,51834700,BBDC4
2026-06-26,17.68000030517578,18.100000381469727,17.479999542236328,17.920000076293945,54796800,BBDC4
2026-03-31,14.958349134101242,15.21762741400529,14.898515319113299,15.20765495300293,36180800,ABEV3
2026-04-01,15.227599188329217,15.437015153777983,15.13784894540764,15.31734848022461,23927000,ABEV3
2026-04-02,15.107931627977115,15.367209897291438,15.058071227054212,15.237570762634277,25947900,ABEV3
2026-04-06,15.257515665500165,15.516793934503095,15.257515665500165,15.407098770141602,14919000,ABEV3
2026-04-07,15.327321317748652,15.437015533447266,15.177738209884524,15.437015533447266,18339600,ABEV3
2026-04-08,15.915683592540441,15.985489868863274,15.606543957178197,15.815960884094238,34907800,ABEV3
2026-04-09,15.945600328281472,16.20487861435749,15.80598967502996,16.015405654907227,33451600,ABEV3
2026-04-10,16.254737763821304,16.29462760570126,15.995461399810992,16.075239181518555,23124300,ABEV3
2026-04-13,16.075239936759058,16.1450452612762,15.805989197576578,15.885766983032227,23073100,ABEV3
2026-04-14,15.925655430625701,15.975516782898373,15.786043834467456,15.845877647399902,22292800,ABEV3
2026-04-15,15.796016581629223,15.89573833695709,15.696293875275147,15.786044120788574,24739300,ABEV3
2026-04-16,15.35723814966282,15.53673864460246,15.2575163921612,15.387155532836914,49811600,ABEV3
2026-04-17,15.596572303100205,15.726211442472392,15.267488699703968,15.287432670593262,36665400,ABEV3
2026-04-20,15.297404911030048,15.42704404853341,15.23757109717226,15.267488479614258,14954700,ABEV3
2026-04-22,15.277460373772191,15.36721062130382,14.958349227905273,14.958349227905273,26157200,ABEV3
2026-04-23,14.958349211730582,14.958349211730582,14.699070930480957,14.699070930480957,25435000,ABEV3
2026-04-24,14.67912620075662,14.68909771026916,14.419847932906938,14.459736824035645,24151800,ABEV3
2026-04-27,14.579403944371066,14.669154189918602,14.45973726731642,14.499626159667969,18935100,ABEV3
2026-04-28,14.369987459881088,14.589376850016455,14.360014998732607,14.539515495300293,15614300,ABEV3
2026-04-29,14.46970930234099,14.51957065406964,14.280236355977355,14.29020881652832,18123700,ABEV3
2026-04-30,14.320125340204386,14.599348531288692,14.320125340204386,14.469709396362305,26546800,ABEV3
2026-05-04,14.529542433920303,14.579403786576638,14.38993178771401,14.399903297424316,21318400,ABEV3
2026-05-05,15.51679480798255,16.793240352659193,15.51679480798255,16.60376739501953,109952300,ABEV3
2026-05-06,16.613739369515553,16.962767891137794,16.533961584749246,16.902935028076172,31822900,ABEV3
2026-05-07,16.81318450937886,16.992684997700717,16.27468304441329,16.36443328857422,30952400,ABEV3
2026-05-08,16.44421102581209,16.50404388773369,16.13507235348936,16.274682998657227,41784100,ABEV3
2026-05-11,16.15501745158869,16.454183666522685,16.12510006927433,16.204877853393555,19740000,ABEV3
2026-05-12,16.164988587136904,16.274683757484837,16.05529531884144,16.0852108001709,19751300,ABEV3
2026-05-13,16.115127652183794,16.25473829925776,15.805988975640409,15.865821838378906,28456100,ABEV3
2026-05-14,15.915683552187481,16.055295153452946,15.7062666258024,15.726211547851562,22570000,ABEV3
2026-05-15,15.62648890547997,15.845878293813744,15.456960871452903,15.646432876586914,31009700,ABEV3
2026-05-18,15.676349685550361,15.80598882158853,15.566654519888573,15.76609992980957,20757200,ABEV3
2026-05-19,15.606543411667534,15.86582168374387,15.486876736330654,15.76609992980957,25814600,ABEV3
2026-05-20,15.86582240255184,16.264711338413274,15.825933508965695,16.17496109008789,24281300,ABEV3
2026-05-21,16.0652679032211,16.504044783874175,16.035350519609644,16.354461669921875,20774700,ABEV3
2026-05-22,16.155016738123244,16.254737537328932,16.0453215765342,16.055294036865234,24010300,ABEV3
2026-05-25,16.155018152002974,16.364434131125694,16.1151283071877,16.354461669921875,14643100,ABEV3
2026-05-26,16.853072543310063,16.873017464801123,16.344488457602385,16.543933868408203,35881800,ABEV3
2026-05-27,16.74337950479466,16.873017692128354,16.52398916954197,16.563879013061523,37022600,ABEV3
2026-05-28,16.553906826897247,16.603767230071703,16.20487829851866,16.244768142700195,24813300,ABEV3
2026-05-29,16.244767518722618,16.414293643825093,15.97551678699683,16.274682998657227,86401700,ABEV3
2026-06-01,16.344488589922477,16.523989080690416,16.0951827754231,16.38437843322754,37464400,ABEV3
2026-06-02,16.44421151967574,16.583822169036488,16.374406194995366,16.40432357788086,15806800,ABEV3
2026-06-03,16.174960380186004,16.27468308528776,16.00543235212874,16.02537727355957,24645900,ABEV3
2026-06-05,15.9954628953515,16.21485134004654,15.905711693756235,16.12510108947754,22964600,ABEV3
2026-06-08,16.06526818369431,16.184933916124322,15.905711654726353,16.035350799560547,18008000,ABEV3
2026-06-09,16.174960024583086,16.304600108980978,16.085209782169887,16.164987564086914,23741600,ABEV3
2026-06-10,16.08520961288327,16.23479461669922,16.08520961288327,16.23479461669922,23080500,ABEV3
2026-06-11,16.17496003809129,16.593793869018555,16.145044558630143,16.593793869018555,33555900,ABEV3
2026-06-12,16.45418384543518,16.723434583034884,16.394350982208277,16.563879013061523,14291900,ABEV3
2026-06-15,16.723434131867123,16.773294532868995,16.514016263144033,16.523988723754883,19463100,ABEV3
2026-06-16,16.434237991083492,16.51401577154303,16.304599811106364,16.394350051879883,13495700,ABEV3
2026-06-17,16.314572348819556,16.66359895120318,16.06526654594421,16.145044326782227,32858800,ABEV3
2026-06-18,16.08521084176251,16.294628721872563,16.0552953603557,16.17496109008789,41278300,ABEV3
2026-06-19,16.12509975376987,16.264710397733786,16.00543212890625,16.00543212890625,26925200,ABEV3
2026-06-22,16.115128628075148,16.33451707277019,16.025378377506147,16.12510108947754,22020700,ABEV3
2026-06-23,16.049999237060547,16.43000030517578,16.049999237060547,16.3700008392334,27581700,ABEV3
2026-06-24,16.290000915527344,16.520000457763672,16.25,16.3799991607666,22826200,ABEV3
2026-06-25,16.399999618530273,16.489999771118164,16.229999542236328,16.389999389648438,18193000,ABEV3
2026-06-26,16.43000030517578,16.760000228881836,16.3799991607666,16.729999542236328,21675700,ABEV3
2026-03-31,22.560164909217626,23.056647426625915,22.292065789204333,22.83819580078125,25610100,BBAS3
2026-04-01,23.046716904605855,23.632566410281367,22.967279779798858,23.463762283325195,22064800,BBAS3
2026-04-02,22.917633781141557,23.364468821019006,22.639602879225524,23.225452423095703,16378700,BBAS3
2026-04-06,23.23538141818865,23.51341230954008,23.116226674702677,23.26517105102539,11198800,BBAS3
2026-04-07,23.116226455578857,23.32474820166793,22.867985199417305,23.275100708007812,13760900,BBAS3
2026-04-08,24.258135413719348,24.625531405552003,23.98010453006266,24.317712783813477,40278600,BBAS3
2026-04-09,24.39715051848518,24.71489902550451,24.198558648563345,24.54609489440918,16299100,BBAS3
2026-04-10,24.675181187418634,24.873773055556384,24.536164796398683,24.5560245513916,22773400,BBAS3
2026-04-13,24.397149861488618,24.655320989972097,24.25813536689384,24.575883865356445,29435700,BBAS3
2026-04-14,24.625532599273562,25.310679017325064,24.575885104110203,25.201452255249023,28487700,BBAS3
2026-04-15,24.863844765395413,25.112086017954404,24.12904899116199,24.22834587097168,36240900,BBAS3
2026-04-16,24.307783766514923,24.486517777051585,23.761653751146685,24.10919189453125,20801800,BBAS3
2026-04-17,24.407079875843028,24.724828376089665,24.12904899116199,24.22834587097168,22413600,BBAS3
2026-04-20,24.22834663893535,24.357433154958724,24.00989501157416,24.10919189453125,13669600,BBAS3
2026-04-22,23.97017599894148,23.97017599894148,23.195664462428226,23.235382080078125,25207400,BBAS3
2026-04-23,23.195663819372978,23.285030824020907,22.709111179584514,22.83819580078125,24573300,BBAS3
2026-04-24,22.897774138396354,22.927563772512354,22.44101111220113,22.540307998657227,20235200,BBAS3
2026-04-27,22.560164351714462,22.75875811134236,22.351642608642578,22.351642608642578,15576900,BBAS3
2026-04-28,22.272206723668468,22.500588234205253,22.093472708837744,22.381433486938477,11919500,BBAS3
2026-04-29,21.934597824812577,21.964387457745666,21.50762255575752,21.557270050048828,33020900,BBAS3
2026-04-30,21.7459342633039,22.16297966096422,21.7459342633039,22.053752899169922,16978900,BBAS3
2026-05-04,22.053751934743225,22.20269820119666,21.686355942115238,21.755863189697266,12949300,BBAS3
2026-05-05,21.81544225074046,22.01403602545021,21.755864875899775,21.76579475402832,11722300,BBAS3
2026-05-06,22.014034582261218,22.441009844144254,21.914737701416016,21.914737701416016,15301600,BBAS3
2026-05-07,21.904808654378716,21.96438792150285,21.537412643432617,21.537412643432617,19233100,BBAS3
2026-05-08,21.755863722583747,22.01403485844808,21.596989468810385,21.646636962890625,22432400,BBAS3
2026-05-11,21.61684929247749,21.696286419615756,21.38846778869629,21.38846778869629,19018400,BBAS3
2026-05-12,21.438116362904506,21.61685038145217,21.170015335083008,21.170015335083008,18272200,BBAS3
2026-05-13,21.179944316210637,21.299100954839464,20.57423503321427,20.613954544067383,31119200,BBAS3
2026-05-14,19.85930088323287,20.941632932883504,19.60112974447918,20.613954544067383,69887800,BBAS3
2026-05-15,20.40543033453137,20.574234463118646,20.157189080369527,20.55437660217285,35294300,BBAS3
2026-05-18,20.55437709987347,20.65367208879815,20.10754207399037,20.27634620666504,21577400,BBAS3
2026-05-19,20.047965106413763,20.375643500697024,19.92880846579687,20.087682723999023,36742400,BBAS3
2026-05-20,20.25648596082036,20.633813727747423,20.16711895780766,20.55437660217285,38517100,BBAS3
2026-05-21,20.47494060801679,20.901913997867563,20.335924210131576,20.673532485961914,21652100,BBAS3
2026-05-22,20.683461609808806,20.82247610869484,20.455080106230177,20.792688369750977,14910500,BBAS3
2026-05-25,20.991279725301137,21.51755186291649,20.98134984792004,21.497692108154297,15414500,BBAS3
2026-05-26,21.438115301698943,21.487762795979876,20.95156266080986,20.96149253845215,22798700,BBAS3
2026-05-27,21.289171823064734,21.348749197501384,20.92177391052246,20.92177391052246,13716500,BBAS3
2026-05-28,20.911842812432887,21.03099944828499,20.465009689331055,20.465009689331055,19444000,BBAS3
2026-05-29,20.52458823501163,20.55437786916228,20.13733246070613,20.157190322875977,60512500,BBAS3
2026-06-01,20.365713138245688,20.405430754885927,19.908948236334634,19.938737869262695,50279700,BBAS3
2026-06-02,20.139999389648438,20.18000030517578,19.889999389648438,19.889999389648438,19384600,BBAS3
2026-06-03,19.770000457763672,19.8700008392334,19.459999084472656,19.530000686645508,27323000,BBAS3
2026-06-05,19.600000381469727,19.649999618530273,19.170000076293945,19.170000076293945,51227600,BBAS3
2026-06-08,19.170000076293945,19.34000015258789,19.100000381469727,19.100000381469727,15329800,BBAS3
2026-06-09,19.229999542236328,19.469999313354492,19.040000915527344,19.110000610351562,18242900,BBAS3
2026-06-10,19.1200008392334,19.18000030517578,18.8700008392334,19.0,18849900,BBAS3
2026-06-11,19.06999969482422,19.559999465942383,18.90999984741211,19.40999984741211,32600200,BBAS3
2026-06-12,19.299999237060547,19.65999984741211,19.219999313354492,19.459999084472656,13773000,BBAS3
2026-06-15,19.899999618530273,19.969999313354492,19.329999923706055,19.389999389648438,16495300,BBAS3
2026-06-16,19.350000381469727,19.420000076293945,19.209999084472656,19.399999618530273,25391100,BBAS3
2026-06-17,19.600000381469727,19.799999237060547,19.360000610351562,19.40999984741211,14117900,BBAS3
2026-06-18,19.420000076293945,19.700000762939453,19.299999237060547,19.530000686645508,23842500,BBAS3
2026-06-19,19.520000457763672,19.6299991607666,19.420000076293945,19.420000076293945,13185600,BBAS3
2026-06-22,19.479999542236328,19.75,19.459999084472656,19.579999923706055,18434100,BBAS3
2026-06-23,19.489999771118164,19.899999618530273,19.329999923706055,19.860000610351562,18028200,BBAS3
2026-06-24,19.709999084472656,20.059999465942383,19.68000030517578,19.729999542236328,16362000,BBAS3
2026-06-25,19.889999389648438,20.25,19.829999923706055,20.049999237060547,15674300,BBAS3
2026-06-26,20.049999237060547,20.450000762939453,19.969999313354492,20.34000015258789,18066100,BBAS3
2026-03-31,13.34183362335374,13.80598258972168,13.25295375351206,13.80598258972168,37631400,ITSA4
2026-04-01,13.835610268209706,14.161502506492726,13.815858766833317,14.003494262695312,44742900,ITSA4
2026-04-02,13.647975178231324,14.023245239312224,13.57884680496497,13.74673080444336,20690700,ITSA4
2026-04-06,13.77635703343764,13.845486348095228,13.687477158737487,13.707228660583496,18266800,ITSA4
2026-04-07,13.687477772073972,13.786233402122374,13.519593766073779,13.776357650756836,23591500,ITSA4
2026-04-08,14.438017554986361,14.467643866523531,14.2207557395057,14.299759864807129,33538800,ITSA4
2026-04-09,14.368888766331327,14.655278947739017,14.309635203162678,14.556523323059082,30831600,ITSA4
2026-04-10,14.6651543738691,14.76390905455909,14.46764312888229,14.625652313232422,51621900,ITSA4
2026-04-13,14.546647990842214,14.56639949306797,14.289885054531648,14.526897430419922,38541300,ITSA4
2026-04-14,14.556523036225302,14.763909090523912,14.556523036225302,14.645402908325195,41932800,ITSA4
2026-04-15,14.645403731977908,14.87254130031882,14.57627535725842,14.813287734985352,29788400,ITSA4
2026-04-16,14.813286865805791,14.89229098707915,14.566398751375695,14.625652313232422,26605800,ITSA4
2026-04-17,14.961419357742484,15.050299229625866,14.566398751375695,14.625652313232422,36146300,ITSA4
2026-04-20,14.61577688622773,14.763909381444197,14.526897012376475,14.556523323059082,25431600,ITSA4
2026-04-22,14.56639886353258,14.62565242584554,14.210880315065085,14.230630874633789,36104000,ITSA4
2026-04-23,14.210880269969804,14.250382330785284,13.963992154422192,13.983742713928223,33002600,ITSA4
2026-04-24,13.983742843879599,14.062746966244749,13.914614472260949,14.042996406555176,22115900,ITSA4
2026-04-27,14.042996156412404,14.102248776229107,13.914614224404998,13.924489974975586,24148100,ITSA4
2026-04-28,13.796107912614508,14.033120273248713,13.657850231342852,13.865236282348633,18728800,ITSA4
2026-04-29,13.835610128691016,13.855360688064815,13.470215833143289,13.48996639251709,24356600,ITSA4
2026-04-30,13.618348867089093,13.756606555425252,13.598598306928757,13.74673080444336,31950600,ITSA4
2026-05-04,13.746730135171907,13.796107945873922,13.420837903063369,13.430713653564453,20967300,ITSA4
2026-05-05,13.430713772592277,13.539344203656709,13.391211712041263,13.48996639251709,24056300,ITSA4
2026-05-06,13.68747746323227,13.707228965517675,13.292456835558808,13.391212463378906,36507700,ITSA4
2026-05-07,13.371460418438016,13.38133616917993,13.085070239546493,13.134448051452637,36631500,ITSA4
2026-05-08,13.193701081487502,13.470216460016402,13.183826272242758,13.331958770751953,43252600,ITSA4
2026-05-11,13.233203108155719,13.312207232721157,13.015942236502491,13.085070610046387,38945400,ITSA4
2026-05-12,13.094946868941815,13.094946868941815,12.828307231839531,12.867809295654297,46705600,ITSA4
2026-05-13,12.828306873712297,12.996190875689111,12.650548062410081,12.69005012512207,52794200,ITSA4
2026-05-14,12.788804511595416,13.055444135011504,12.749302449808228,13.00606632232666,37588200,ITSA4
2026-05-15,12.828306616469993,12.887560180251514,12.759178243561092,12.798680305480957,24344300,ITSA4
2026-05-18,12.788804306624206,12.828306367778277,12.5715424993751,12.680173873901367,23016300,ITSA4
2026-05-19,12.532041015147717,12.62092089228692,12.413534826229938,12.50241470336914,35294800,ITSA4
2026-05-20,12.630796387487022,12.907310822690935,12.541916512149188,12.83818244934082,31322700,ITSA4
2026-05-21,12.788804137488473,13.006065941864225,12.699924265616419,12.828306198120117,25349400,ITSA4
2026-05-22,12.788803886251777,12.848057446936911,12.571542086144143,12.709799766540527,21393200,ITSA4
2026-05-25,12.80855588572432,12.946812629699707,12.80855588572432,12.946812629699707,8705000,ITSA4
2026-05-26,12.9369375712097,12.9369375712097,12.670297955593538,12.828306198120117,17545600,ITSA4
2026-05-27,12.976439799189295,13.025816669263067,12.897435676907145,12.907310485839844,17007700,ITSA4
2026-05-28,12.907311244456862,12.936938498406557,12.71967667845954,12.80855655670166,25918800,ITSA4
2026-05-29,12.78880447241987,12.857933786688266,12.670298287421327,12.759178161621094,48530700,ITSA4
2026-06-01,12.802952798732248,12.802952798732248,12.575389168247607,12.624859809875488,30563400,ITSA4
2026-06-02,12.644647264415058,12.86231751737129,12.614965257421842,12.763376235961914,31120600,ITSA4
2026-06-03,12.624858975942498,12.654540981528983,12.456659371662507,12.466553688049316,25863000,ITSA4
2026-06-05,12.506130650992857,12.575388982102298,12.40718936920166,12.40718936920166,24951100,ITSA4
2026-06-08,12.466553698650275,12.466553698650275,12.278565461436807,12.288459777832031,23615900,ITSA4
2026-06-09,12.426978209116141,12.565494873632606,12.377507567399972,12.446765899658203,24995900,ITSA4
2026-06-10,12.407189628760392,12.516024286148339,12.248884329441921,12.456660270690918,34950400,ITSA4
2026-06-11,12.426978112912833,12.793059349060059,12.387401788561078,12.793059349060059,31124300,ITSA4
2026-06-12,12.743588545824434,12.97115217206241,12.674330214982264,12.763376235961914,32010300,ITSA4
2026-06-15,13.020622230757827,13.099774874917683,12.595176060718133,12.654541015625,37274000,ITSA4
2026-06-16,12.59517641919135,12.723799705505371,12.555600095985033,12.723799705505371,147724100,ITSA4
2026-06-17,12.72379963608726,13.178927822263812,12.72379963608726,12.891999244689941,115743100,ITSA4
2026-06-18,12.921682194613215,13.05030453665153,12.812846598709147,12.891999244689941,42589300,ITSA4
2026-06-19,12.920000076293945,12.949999809265137,12.699999809265137,12.789999961853027,119864500,ITSA4
2026-06-22,12.8100004196167,13.039999961853027,12.800000190734863,12.960000038146973,20974000,ITSA4
2026-06-23,12.850000381469727,13.09000015258789,12.800000190734863,13.029999732971191,16149400,ITSA4
2026-06-24,12.949999809265137,13.130000114440918,12.920000076293945,13.050000190734863,28421100,ITSA4
2026-06-25,13.130000114440918,13.40999984741211,13.119999885559082,13.300000190734863,15514600,ITSA4
2026-06-26,13.279999732971191,13.59000015258789,13.229999542236328,13.460000038146973,13594600,ITSA4
2026-03-31,17.19243821806741,18.144301964111147,16.996176764268235,18.055984497070312,54051300,B3SA3
2026-04-01,18.267171270096757,18.72040113229769,18.07996673257521,18.247465133666992,47320500,B3SA3
2026-04-02,17.715410849874697,18.444520989359216,17.49864898547031,18.316434860229492,27826400,B3SA3
2026-04-06,18.33614014332461,18.464226266492446,18.079966017708408,18.158788681030273,21583600,B3SA3
2026-04-07,17.971584492787304,18.040554089595894,17.52820770789756,17.784379959106445,42624300,B3SA3
2026-04-08,18.907605459941898,19.025838518646864,18.424816398455345,18.434667587280273,60763700,B3SA3
2026-04-09,18.582461513166052,18.996280972375157,18.39525697990274,18.8780460357666,40108400,B3SA3
2026-04-10,19.1046616351514,19.449511509861697,18.927310163627208,19.222896575927734,37802100,B3SA3
2026-04-13,19.114515052128237,19.124368120646032,18.533197164542962,18.97657585144043,67037700,B3SA3
2026-04-14,19.01598514592596,19.44951073922093,18.799223288918753,19.39039421081543,35228400,B3SA3
2026-04-15,19.39039505455329,19.57759959514389,19.262307044940542,19.54804039001465,39081700,B3SA3
2026-04-16,19.61701015792191,19.823920837043154,19.173631473576854,19.488924026489258,35870100,B3SA3
2026-04-17,19.902742818104066,20.030828945113228,19.124367350086537,19.144073486328125,45139000,B3SA3
2026-04-20,19.075104361135427,19.183484354586902,18.828783289857462,18.96672248840332,41040100,B3SA3
2026-04-22,18.868194160105038,18.89775336594524,18.621873082612073,18.789371490478516,24812000,B3SA3
2026-04-23,18.79922340644451,18.907605275265958,18.375550878448575,18.74995994567871,18613800,B3SA3
2026-04-24,18.789370772694163,18.789370772694163,18.375551303143325,18.700695037841797,41679200,B3SA3
2026-04-27,18.66128469354356,18.759813496893585,18.40511055654574,18.444520950317383,18924800,B3SA3
2026-04-28,18.129230487122854,18.267171565078094,17.804086747903696,18.2573184967041,24781800,B3SA3
2026-04-29,17.981438339352113,18.267171686251324,17.478943124629144,17.61688232421875,43626800,B3SA3
2026-04-30,17.853350870409688,18.001143127364234,17.616881004145807,17.76467514038086,23750100,B3SA3
2026-05-04,17.725263929451405,17.951878862284087,17.46908979174813,17.607030868530273,29385800,B3SA3
2026-05-05,17.656294585046705,17.7942337845353,17.469090043397436,17.744970321655273,20019200,B3SA3
2026-05-06,18.099672022221686,18.316433874966187,17.863202154688842,18.089818954467773,34599300,B3SA3
2026-05-07,18.040553858927733,18.217905322328225,17.449382940686274,17.518354415893555,26262200,B3SA3
2026-05-08,17.94202562445182,18.08981976812759,17.60703070215372,17.666147232055664,28496100,B3SA3
2026-05-11,17.449383112173567,17.78437990649329,17.173504725755368,17.33115005493164,28393600,B3SA3
2026-05-12,17.124240455154723,17.40997380667959,16.96659511613434,17.04541778564453,19014600,B3SA3
2026-05-13,16.956741908020117,17.094682987988524,16.217778682711803,16.395130157470703,70172800,B3SA3
2026-05-14,16.700568562517656,16.710419751117037,16.33601256808271,16.680862426757812,30947500,B3SA3
2026-05-15,16.286750023531134,16.59218762785687,16.207927355341248,16.454248428344727,23708600,B3SA3
2026-05-18,16.454248988812157,16.671010863897564,16.257191371984902,16.473953247070312,31340200,B3SA3
2026-05-19,16.050281293100742,16.050281293100742,15.577344365709276,15.656167030334473,63506400,B3SA3
2026-05-20,15.83351713173091,16.828654420514013,15.734989273409179,16.542922973632812,57502900,B3SA3
2026-05-21,16.355719407048557,16.897625008779432,16.267043671597236,16.76953887939453,26356400,B3SA3
2026-05-22,16.749831761774214,16.789244032680095,16.316306178212102,16.41483497619629,31892100,B3SA3
2026-05-25,16.67100944825358,17.173504637140297,16.533070255756247,17.006006240844727,16994700,B3SA3
2026-05-26,17.006006450405827,17.006006450405827,16.542923527543632,16.690715789794922,38370900,B3SA3
2026-05-27,16.897624500507646,17.02571250532035,16.237483978271484,16.237483978271484,22460000,B3SA3
2026-05-28,16.306454166889043,16.43454217635074,15.872930434521882,16.257190704345703,21661300,B3SA3
2026-05-29,16.286749909440086,16.39512990289156,15.981310427973355,16.257190704345703,48006500,B3SA3
2026-06-01,16.158662249970188,16.227631850736977,15.764548903245192,16.0108699798584,49561100,B3SA3
2026-06-02,16.178367354349056,16.41483534728866,16.040428161621094,16.040428161621094,38626900,B3SA3
2026-06-03,15.626608494277306,15.922193969075758,15.232495154306251,15.29161262512207,41255400,B3SA3
2026-06-05,15.202936536447547,15.44925760313197,15.035438135930914,15.18323040008545,30092100,B3SA3
2026-06-08,15.173377524101687,15.173377524101687,14.84823378713096,14.996026992797852,42510200,B3SA3
2026-06-09,15.114261178866856,15.301464780771896,14.91720450853515,15.163525581359863,48003700,B3SA3
2026-06-10,14.986173865923856,15.055143464514677,14.680735327118224,14.89749813079834,66313600,B3SA3
2026-06-11,14.85808658603158,15.291612187225452,14.72999951929886,15.212788581848145,76637700,B3SA3
2026-06-12,14.97632113633048,15.350729282193782,14.907351536179984,15.005879402160645,46559500,B3SA3
2026-06-15,15.331023363922283,15.547785222670848,14.88764469911775,14.917203903198242,38898400,B3SA3
2026-06-16,14.798969844866484,14.956615174085576,14.641323576007112,14.81867504119873,26364300,B3SA3
2026-06-17,15.025584615098408,15.025584615098408,14.286621437306682,14.395002365112305,48934200,B3SA3
2026-06-18,14.414708926637543,14.503384660934143,14.00088945968027,14.119123458862305,39787400,B3SA3
2026-06-19,14.109270811520405,14.345739756577869,14.050154279986286,14.197946548461914,70356900,B3SA3
2026-06-22,14.355591747799123,14.64132415318265,14.316180413940716,14.483678817749023,86034900,B3SA3
2026-06-23,14.22750432043034,14.769410852100064,14.22750432043034,14.503384590148926,65885100,B3SA3
2026-06-24,14.385151025626875,14.887645299951126,14.385151025626875,14.808822631835938,57903500,B3SA3
2026-06-25,14.9399995803833,15.069999694824219,14.609999656677246,14.609999656677246,47483000,B3SA3
2026-06-26,14.569999694824219,15.050000190734863,14.399999618530273,14.920000076293945,58172200,B3SA3
2026-03-31,49.455378964769665,51.23126185217961,49.305724287478846,50.89204788208008,11795500,WEGE3
2026-04-01,51.251216062876814,51.530571206761245,50.6326507547694,50.89204788208008,12831600,WEGE3
2026-04-02,49.38553997754856,51.37094012799928,49.28577273226773,50.193668365478516,7547300,WEGE3
2026-04-06,50.193668019223416,50.79227909853186,49.95422130397419,50.50294876098633,2617700,WEGE3
2026-04-07,50.11385188431384,50.62267473417762,49.42544875283066,50.53288269042969,3983500,WEGE3
2026-04-08,52.11920647973068,52.77768020137379,51.79994291826216,52.647979736328125,10118800,WEGE3
2026-04-09,52.42848851334919,52.74774827677341,51.779993783964755,52.378604888916016,6218000,WEGE3
2026-04-10,52.37860238382505,53.2166601742013,52.18904309769433,52.75772476196289,6331700,WEGE3
2026-04-13,52.647981687280776,52.75772794593419,51.91967010498047,51.91967010498047,5536700,WEGE3
2026-04-14,52.16908872891482,52.22894755283896,50.47301894333033,51.779991149902344,11897600,WEGE3
2026-04-15,51.779991296884845,51.979525785033566,49.19598009424432,49.84447479248047,14915400,WEGE3
2026-04-16,50.08392302647488,50.13380665002597,48.04863921622764,48.2880859375,10979400,WEGE3
2026-04-17,48.986462505094565,49.83449929826048,48.48761867589451,48.537506103515625,9369900,WEGE3
2026-04-20,48.63727699305541,48.906653137722145,48.128457923713796,48.36790084838867,4448400,WEGE3
2026-04-22,48.16835891089288,48.81685741095061,46.5121975508296,47.08087921142578,10210700,WEGE3
2026-04-23,47.35025804196303,48.936581661097456,47.19062815979313,48.16836166381836,10526700,WEGE3
2026-04-24,48.51755483192884,48.51755483192884,47.26046617492301,47.68947219848633,5113600,WEGE3
2026-04-27,47.76928676257256,48.397827255195836,47.509885836770465,48.07856750488281,5188300,WEGE3
2026-04-28,47.58970442639833,47.88900997758291,46.90129747220957,47.1806526184082,6446500,WEGE3
2026-04-29,45.91359024092827,46.68181025725651,43.79849329826099,43.99802780151367,18546300,WEGE3
2026-04-30,44.217519084498036,45.354882467061024,43.99802657001164,44.75627136230469,11343400,WEGE3
2026-05-04,44.81612989477721,45.0156681970104,43.92818844600993,44.25742721557617,7037600,WEGE3
2026-05-05,44.16763499049119,44.636549427953334,43.36948559067647,43.43932342529297,7527400,WEGE3
2026-05-06,43.968095252426046,45.2451342504028,43.89825742009147,44.836082458496094,6614900,WEGE3
2026-05-07,44.66647783828879,44.945829170483,44.207542419433594,44.207542419433594,4182700,WEGE3
2026-05-08,44.70638796520919,46.46231667239908,44.60661690999143,45.41474533081055,10953200,WEGE3
2026-05-11,45.015667295492044,45.17529717290641,43.918212364002855,44.05788803100586,6362800,WEGE3
2026-05-12,43.90823435011814,44.01798060692746,42.94047986145066,43.289669036865234,7511100,WEGE3
2026-05-13,43.27969195803174,43.399413412143986,42.092441201340925,43.20985412597656,9255500,WEGE3
2026-05-14,43.758583599020646,44.36717371147091,43.47923225791295,43.6189079284668,7130800,WEGE3
2026-05-15,43.030269622802734,43.399412989481675,42.730964087498826,43.030269622802734,5283900,WEGE3
2026-05-18,43.16994578148015,43.16994578148015,41.91285719053564,42.242095947265625,6993100,WEGE3
2026-05-19,42.092444331563385,42.32191205479149,41.414016364681736,41.72330093383789,6814600,WEGE3
2026-05-20,42.15230572369409,42.80080425717848,41.713324501657574,42.481544494628906,6975500,WEGE3
2026-05-21,42.022606477017696,42.730967663769135,41.83304717683164,42.37179946899414,3527300,WEGE3
2026-05-22,42.04255917168743,43.16994734108486,41.95276712623318,42.631195068359375,4827600,WEGE3
2026-05-25,43.169945705980346,43.41936762214209,42.90056957982049,43.20985412597656,2514500,WEGE3
2026-05-26,42.900572599776865,43.33955383300781,42.5613586176831,43.33955383300781,3932200,WEGE3
2026-05-27,44.077844674833074,44.257428772573135,43.299649455210606,43.34953308105469,3920700,WEGE3
2026-05-28,43.78851301246031,43.898259269574496,43.17992290001004,43.6189079284668,4259200,WEGE3
2026-05-29,43.499183931628586,44.197566110643045,43.00034006174351,43.99802780151367,25788200,WEGE3
2026-06-01,44.44698504690889,44.75626959548695,42.74094004041297,42.900569915771484,10985100,WEGE3
2026-06-02,42.7808478267131,43.25973744569153,41.5337382546204,41.90288162231445,9991100,WEGE3
2026-06-03,41.50380747763256,42.35184432005241,41.194526721326405,41.68339157104492,6573100,WEGE3
2026-06-05,41.823067931829065,42.56135852868104,41.42399512223818,42.361820220947266,10064100,WEGE3
2026-06-08,42.45161030252182,44.25742638533517,42.22214259131513,43.898258209228516,9657900,WEGE3
2026-06-09,43.98804976618736,44.0678628011737,42.68107754113245,43.22980880737305,9564900,WEGE3
2026-06-10,43.030271311618264,43.120063356321154,41.97272098577048,42.2919807434082,7939100,WEGE3
2026-06-11,42.01262847066137,42.69105639199138,41.58362246729455,42.252071380615234,9103200,WEGE3
2026-06-12,41.76320881495289,43.13003993378515,41.76320881495289,42.511474609375,5024100,WEGE3
2026-06-15,43.1699485267073,43.85835169017852,42.351844892711945,42.68107986450195,6230000,WEGE3
2026-06-16,42.68107723252777,42.97040756974874,42.08246615389085,42.73096466064453,5226700,WEGE3
2026-06-17,42.52144727390308,44.287354900035766,42.501493063871045,43.6987190246582,9704200,WEGE3
2026-06-18,43.70869946169277,46.12310186636294,43.70869946169277,45.70407485961914,16176500,WEGE3
2026-06-19,45.943517767432766,46.093172444599695,44.74629176772696,45.05557632446289,10422100,WEGE3
2026-06-22,45.02000045776367,45.79999923706055,44.61000061035156,45.25,5109100,WEGE3
2026-06-23,44.959999084472656,46.13999938964844,44.43000030517578,45.709999084472656,8107300,WEGE3
2026-06-24,45.529998779296875,46.61000061035156,45.380001068115234,46.61000061035156,9621200,WEGE3
2026-06-25,46.88999938964844,47.369998931884766,46.22999954223633,46.5,7163600,WEGE3
2026-06-26,46.599998474121094,47.31999969482422,46.18000030517578,46.900001525878906,6008700,WEGE3
2026-03-31,10.09000015258789,10.449999809265137,9.90999984741211,10.100000381469727,7234600,HAPV3
2026-04-01,10.100000381469727,10.550000190734863,10.0,10.479999542236328,9931900,HAPV3
2026-04-02,10.25,11.149999618530273,10.050000190734863,10.619999885559082,12270900,HAPV3
2026-04-06,10.75,11.350000381469727,10.619999885559082,10.680000305175781,11550000,HAPV3
2026-04-07,10.770000457763672,10.800000190734863,9.899999618530273,10.260000228881836,32723700,HAPV3
2026-04-08,11.75,12.039999961853027,11.1899995803833,11.1899995803833,15401400,HAPV3
2026-04-09,11.140000343322754,11.9399995803833,10.84000015258789,11.720000267028809,10325100,HAPV3
2026-04-10,11.850000381469727,13.380000114440918,11.84000015258789,13.25,21736700,HAPV3
2026-04-13,13.220000267028809,13.489999771118164,13.0,13.069999694824219,9385800,HAPV3
2026-04-14,13.199999809265137,13.289999961853027,12.800000190734863,13.050000190734863,7090200,HAPV3
2026-04-15,13.050000190734863,13.050000190734863,12.149999618530273,12.649999618530273,10972400,HAPV3
2026-04-16,12.649999618530273,13.050000190734863,12.25,12.350000381469727,8974400,HAPV3
2026-04-17,12.710000038146973,12.949999809265137,12.229999542236328,12.229999542236328,4639100,HAPV3
2026-04-20,12.109999656677246,12.579999923706055,12.069999694824219,12.380000114440918,3864500,HAPV3
2026-04-22,12.380000114440918,12.779999732971191,12.220000267028809,12.649999618530273,4273100,HAPV3
2026-04-23,12.75,13.3100004196167,12.510000228881836,13.300000190734863,12918300,HAPV3
2026-04-24,13.420000076293945,14.170000076293945,13.300000190734863,14.09000015258789,14048500,HAPV3
2026-04-27,14.199999809265137,14.199999809265137,13.100000381469727,13.149999618530273,21500100,HAPV3
2026-04-28,13.050000190734863,13.069999694824219,11.920000076293945,12.039999961853027,14379200,HAPV3
2026-04-29,11.8100004196167,12.15999984741211,11.569999694824219,11.75,5019300,HAPV3
2026-04-30,11.84000015258789,12.84000015258789,11.510000228881836,12.390000343322754,13349700,HAPV3
2026-05-04,12.430000305175781,12.800000190734863,11.229999542236328,11.5,12213500,HAPV3
2026-05-05,11.6899995803833,12.289999961853027,10.989999771118164,11.710000038146973,13193000,HAPV3
2026-05-06,12.050000190734863,12.399999618530273,11.779999732971191,11.90999984741211,5665900,HAPV3
2026-05-07,11.899999618530273,12.300000190734863,11.760000228881836,11.850000381469727,10003200,HAPV3
2026-05-08,12.0,12.670000076293945,11.770000457763672,11.8100004196167,7118100,HAPV3
2026-05-11,11.8100004196167,12.039999961853027,11.25,11.4399995803833,8669400,HAPV3
2026-05-12,12.300000190734863,13.229999542236328,11.90999984741211,12.5,25945600,HAPV3
2026-05-13,12.829999923706055,14.420000076293945,12.239999771118164,12.739999771118164,23108900,HAPV3
2026-05-14,13.039999961853027,13.579999923706055,12.609999656677246,13.260000228881836,11417000,HAPV3
2026-05-15,12.949999809265137,13.149999618530273,12.359999656677246,12.449999809265137,11781200,HAPV3
2026-05-18,12.510000228881836,12.970000267028809,12.420000076293945,12.829999923706055,12484100,HAPV3
2026-05-19,12.5,13.0,12.229999542236328,12.710000038146973,9144300,HAPV3
2026-05-20,12.850000381469727,13.4399995803833,12.8100004196167,13.270000457763672,6539700,HAPV3
2026-05-21,13.199999809265137,13.199999809265137,12.34000015258789,12.34000015258789,12758700,HAPV3
2026-05-22,12.460000038146973,12.640000343322754,11.710000038146973,12.050000190734863,10072600,HAPV3
2026-05-25,12.34000015258789,12.550000190734863,12.180000305175781,12.399999618530273,4208000,HAPV3
2026-05-26,12.399999618530273,12.600000381469727,12.029999732971191,12.600000381469727,5559000,HAPV3
2026-05-27,12.729999542236328,13.039999961853027,12.319999694824219,12.399999618530273,6347000,HAPV3
2026-05-28,12.5,12.789999961853027,12.3100004196167,12.479999542236328,6396900,HAPV3
2026-05-29,12.5,12.529999732971191,11.84000015258789,12.149999618530273,11154200,HAPV3
2026-06-01,12.239999771118164,12.420000076293945,11.899999618530273,12.199999809265137,5171700,HAPV3
2026-06-02,12.229999542236328,12.430000305175781,12.069999694824219,12.229999542236328,4549600,HAPV3
2026-06-03,11.979999542236328,12.0600004196167,11.0600004196167,11.220000267028809,14470800,HAPV3
2026-06-05,11.180000305175781,11.390000343322754,10.9399995803833,10.9399995803833,5674200,HAPV3
2026-06-08,10.899999618530273,11.229999542236328,10.8100004196167,10.890000343322754,4300600,HAPV3
2026-06-09,10.899999618530273,11.529999732971191,10.899999618530273,11.380000114440918,5806400,HAPV3
2026-06-10,11.470000267028809,11.470000267028809,11.119999885559082,11.40999984741211,4382400,HAPV3
2026-06-11,11.420000076293945,11.789999961853027,11.079999923706055,11.59000015258789,5654500,HAPV3
2026-06-12,11.520000457763672,11.930000305175781,11.260000228881836,11.399999618530273,5237100,HAPV3
2026-06-15,11.859999656677246,12.220000267028809,11.329999923706055,11.420000076293945,8720200,HAPV3
2026-06-16,11.34000015258789,11.470000267028809,11.210000038146973,11.210000038146973,4429100,HAPV3
2026-06-17,11.239999771118164,11.369999885559082,10.520000457763672,10.579999923706055,8940000,HAPV3
2026-06-18,10.470000267028809,11.020000457763672,10.420000076293945,10.579999923706055,4530400,HAPV3
2026-06-19,10.649999618530273,10.699999809265137,10.3100004196167,10.3100004196167,5822100,HAPV3
2026-06-22,10.430000305175781,10.789999961853027,10.329999923706055,10.609999656677246,5396100,HAPV3
2026-06-23,10.489999771118164,10.720000267028809,10.1899995803833,10.279999732971191,6092200,HAPV3
2026-06-24,10.220000267028809,10.529999732971191,10.149999618530273,10.170000076293945,3968200,HAPV3
2026-06-25,10.260000228881836,10.420000076293945,10.029999732971191,10.119999885559082,4593400,HAPV3
2026-06-26,10.15999984741211,10.380000114440918,9.9399995803833,10.239999771118164,3241900,HAPV3
